﻿<?xml version="1.0" encoding="utf-8" ?>
<hibernate-configuration xmlns="urn:nhibernate-configuration-2.2" >
  <session-factory>
    <property name="show_sql">true</property>
    <property name="connection.provider">NHibernate.Connection.DriverConnectionProvider</property>
    <property name="dialect">NHibernate.Dialect.SQLiteDialect</property>
    <property name="connection.driver_class">NHibernate.Driver.SQLite20Driver</property>
    <property name="connection.connection_string">Data Source=nhdemo_sqllite_db.db;Version=3;New=True;</property>
    <property name="proxyfactory.factory_class">NHibernate.ByteCode.LinFu.ProxyFactoryFactory, NHibernate.ByteCode.LinFu</property>
    <property name="current_session_context_class">web</property>
    <property name="query.substitutions">true=1;false=0</property>
  </session-factory>
</hibernate-configuration>