<hibernate-mapping xmlns="urn:nhibernate-mapping-2.2" default-access="property" auto-import="true" default-cascade="none" default-lazy="true">
  <class xmlns="urn:nhibernate-mapping-2.2" mutable="true" name="NHibernateDemo.Entities.Managers.Manager, NHibernateDemo.Entities, Version=1.0.0.0, Culture=neutral, PublicKeyToken=null" table="`Manager`">
    <id name="Id" type="System.Int32, mscorlib, Version=2.0.0.0, Culture=neutral, PublicKeyToken=b77a5c561934e089" unsaved-value="-1">
      <column name="`Id`" />
      <generator class="native" />
    </id>
    <property name="FirstName" type="System.String, mscorlib, Version=2.0.0.0, Culture=neutral, PublicKeyToken=b77a5c561934e089">
      <column name="`FirstName`" length="50" />
    </property>
    <property name="LastName" type="System.String, mscorlib, Version=2.0.0.0, Culture=neutral, PublicKeyToken=b77a5c561934e089">
      <column name="`LastName`" length="50" />
    </property>
    <set cascade="all" lazy="true" name="Employees" mutable="true">
      <key>
        <column name="`Manager_id`" />
      </key>
      <one-to-many class="NHibernateDemo.Entities.Employees.Employee, NHibernateDemo.Entities, Version=1.0.0.0, Culture=neutral, PublicKeyToken=null" />
    </set>
  </class>
</hibernate-mapping>